id,created_at,source_title,channel,context,text,tone_labels,risk_labels,is_synthetic,window_sentences,notes,positive_labels_extended,risk_labels_extended,principles_detected,language_compliance_pass
TRB_0001,2026-02-04,Ethical AI — why uncertainty and transparency matter,Blog,TRB audience — transformational leaders,"AI becomes a mirror, not a judge. Transparency as a trust-building strategy, not a disclaimer Transparency in S.Y.N.Cstate isn’t a footnote or a legal safeguard it’s embedded in the experience.",direct|regulation_focused,,False,2,,state_based,,1.0,True
TRB_0002,2026-02-04,Ethical AI — why uncertainty and transparency matter,Blog,TRB audience — transformational leaders,"In wellbeing contexts, it’s a cue for restraint.",calm|regulation_focused,,False,1,,,,1.0,True
TRB_0003,2026-02-04,Ethical AI — why uncertainty and transparency matter,Blog,TRB audience — transformational leaders,"This project demonstrates how: AI behavior can express values UX language can preserve emotional safety Interactive demos can function as trust-building content assets Ultimately, S.Y.N.Cstate isn’t about a model.",authoritative|formal,,False,1,,state_based,,0.0,False
TRB_0004,2026-02-04,Ethical AI — why uncertainty and transparency matter,Blog,TRB audience — transformational leaders,"Q: Does it store my data? A: In the demo, it doesn’t need personal identifiers.",direct|reflective,,False,2,,,,0.0,False
TRB_0005,2026-02-04,Ethical AI — why uncertainty and transparency matter,Blog,TRB audience — transformational leaders,"As AI becomes more common in wellbeing technology, one problem keeps surfacing: systems are often designed to sound far more certain than they should be.",direct,,False,1,,,,0.0,False
TRB_0006,2026-02-04,Ethical AI — why uncertainty and transparency matter,Blog,TRB audience — transformational leaders,"Keeping human judgment at the center of AI systems At every point in the S.Y.N.Cstate experience, the human remains in control.",direct,,False,1,,state_based,,0.0,False
TRB_0007,2026-02-04,Ethical AI — why uncertainty and transparency matter,Blog,TRB audience — transformational leaders,"AI becomes a mirror, not a judge.",direct|regulation_focused,,False,1,,,,1.0,True
TRB_0008,2026-02-04,Ethical AI — why uncertainty and transparency matter,Blog,TRB audience — transformational leaders,A: Because pretending to be certain can be harmful.,direct,,False,1,,,,0.0,False
TRB_0009,2026-02-04,Ethical AI — why uncertainty and transparency matter,Blog,TRB audience — transformational leaders,"Wellbeing is contextual, fluctuating and deeply personal.",direct,,False,1,,,,0.0,False
TRB_0010,2026-02-04,Ethical AI — why uncertainty and transparency matter,Blog,TRB audience — transformational leaders,Users can see: Confidence levels Probability distributions When and why the system changes behavior This kind of transparency does more than inform. It builds trust by aligning system behavior with brand values.,authoritative|signal_based|warm,,False,2,,,,1.0,True
TRB_0011,2026-02-04,Ethical AI — why uncertainty and transparency matter,Blog,TRB audience — transformational leaders,"Full Transparency: S.Y.N.Cstate is a reflection tool, not medical advice. It may be wrong.",reflective,medical_claims_risk,False,2,,state_based,,0.0,False
TRB_0012,2026-02-04,Ethical AI — why uncertainty and transparency matter,Blog,TRB audience — transformational leaders,"When confidence is higher, it still frames outputs as reflection prompts, not truths. This is intentional.",direct|reflective|signal_based,,False,2,,,,1.0,True
TRB_0013,2026-02-04,Ethical AI — why uncertainty and transparency matter,Blog,TRB audience — transformational leaders,"If you try it and it doesn’t fit, that’s okay and it's designed to make room for that reality. Want to see uncertainty-aware UX in action?",reflective,,False,2,,,,0.0,False
TRB_0014,2026-02-04,Ethical AI — why uncertainty and transparency matter,Blog,TRB audience — transformational leaders,S.Y.N.Cstate is NOT a diagnosis or treatment tool.,clinical,medical_claims_risk,False,1,,state_based,,0.0,False
TRB_0015,2026-02-04,Ethical AI — why uncertainty and transparency matter,Blog,TRB audience — transformational leaders,"Why uncertainty is a design signal, not a flaw In most AI systems, uncertainty is treated as something to hide or smooth over. Confidence scores are buried.",direct|formal|signal_based,,False,2,,signal_based,,1.0,True
TRB_0016,2026-02-04,Ethical AI — why uncertainty and transparency matter,Blog,TRB audience — transformational leaders,"The problem with overconfident AI in wellbeing Many AI-powered wellbeing tools are built to deliver clean answers: a score, a label, a recommendation.",direct,,False,1,,,,0.0,False
TRB_0017,2026-02-04,Ethical AI — why uncertainty and transparency matter,Blog,TRB audience — transformational leaders,"Rather than asking “How can we make the model sound confident?”, the design question becomes: “How should the system behave when it isn’t confident?” This shift changes everything from interaction flow to tone of voice.",authoritative|capacity_honoring|direct|reflective,,False,1,,,,1.0,True
TRB_0018,2026-02-04,Ethical AI — why uncertainty and transparency matter,Blog,TRB audience — transformational leaders,"The system never says “you are X.” It says, “this resembles X does that fit?” When confidence is low, the system doesn’t guess.",authoritative|reflective|signal_based,absolute_language|identity_labeling,False,1,,,identity_labeling,1.0,True
TRB_0019,2026-02-04,Ethical AI — why uncertainty and transparency matter,Blog,TRB audience — transformational leaders,Designing for uncertainty: Reduces harm in ambiguous situations Encourages healthier human–AI relationships Aligns technology with real human complexity The future of ethical wellbeing tech won’t be defined by perfect predictions. It will be defined by systems that know when to pause.,calm|regulation_focused,,False,2,,,urgency_pressure,1.0,True
TRB_0020,2026-02-04,Ethical AI — why uncertainty and transparency matter,Blog,TRB audience — transformational leaders,It’s a reflection aid to support self-awareness. Q: Why show uncertainty?,empathetic|reflective|regulation_focused|warm,,False,2,,regulation_focused,,1.0,True
TRB_0021,2026-02-04,Ethical AI — why uncertainty and transparency matter,Blog,TRB audience — transformational leaders,"Outputs are framed as answers, even when the model isn’t sure.",direct,,False,1,,,,0.0,False
TRB_0022,2026-02-04,Ethical AI — why uncertainty and transparency matter,Blog,TRB audience — transformational leaders,A: Because pretending to be certain can be harmful. Uncertainty helps the system know when to step back.,authoritative|regulation_focused,,False,2,,,urgency_pressure,1.0,True
TRB_0023,2026-02-04,Ethical AI — why uncertainty and transparency matter,Blog,TRB audience — transformational leaders,Q: What happens if I’m unsafe? A: The app should redirect to crisis resources.,direct|reflective,,False,2,,,,0.0,False
TRB_0024,2026-02-04,Ethical AI — why uncertainty and transparency matter,Blog,TRB audience — transformational leaders,"It asks. When confidence is mixed, it doesn’t resolve the ambiguity.",direct|signal_based,,False,2,,,,1.0,True
TRB_0025,2026-02-04,Ethical AI — why uncertainty and transparency matter,Blog,TRB audience — transformational leaders,"It presents options. When confidence is higher, it still frames outputs as reflection prompts, not truths.",reflective|signal_based,,False,2,,,,1.0,True
TRB_0026,2026-02-04,Ethical AI — why uncertainty and transparency matter,Blog,TRB audience — transformational leaders,"Why uncertainty is a design signal, not a flaw In most AI systems, uncertainty is treated as something to hide or smooth over.",direct|formal|signal_based,,False,1,,signal_based,,1.0,True
TRB_0027,2026-02-04,Ethical AI — why uncertainty and transparency matter,Blog,TRB audience — transformational leaders,Q: Why show uncertainty? A: Because pretending to be certain can be harmful.,reflective,,False,2,,,,0.0,False
TRB_0028,2026-02-04,Ethical AI — why uncertainty and transparency matter,Blog,TRB audience — transformational leaders,Uncertainty helps the system know when to step back.,authoritative|regulation_focused,,False,1,,,urgency_pressure,1.0,True
TRB_0029,2026-02-04,Ethical AI — why uncertainty and transparency matter,Blog,TRB audience — transformational leaders,"When confidence is mixed, it doesn’t resolve the ambiguity.",direct|signal_based,,False,1,,,,1.0,True
TRB_0030,2026-02-04,Ethical AI — why uncertainty and transparency matter,Blog,TRB audience — transformational leaders,Q: What happens if I’m unsafe?,reflective,,False,1,,,,0.0,False
TRB_0031,2026-02-04,Ethical AI — why uncertainty and transparency matter,Blog,TRB audience — transformational leaders,"From a human perspective, it can feel wrong. Wellbeing is contextual, fluctuating and deeply personal.",direct,,False,2,,,,0.0,False
TRB_0032,2026-02-04,Ethical AI — why uncertainty and transparency matter,Blog,TRB audience — transformational leaders,Uncertainty helps the system know when to step back. Q: Does it store my data?,authoritative|reflective|regulation_focused,,False,2,,,urgency_pressure,1.0,True
TRB_0033,2026-02-04,Ethical AI — why uncertainty and transparency matter,Blog,TRB audience — transformational leaders,"The problem with overconfident AI in wellbeing Many AI-powered wellbeing tools are built to deliver clean answers: a score, a label, a recommendation. From a product perspective, this can feel reassuring.",direct,,False,2,,,,0.0,False
TRB_0034,2026-02-04,Ethical AI — why uncertainty and transparency matter,Blog,TRB audience — transformational leaders,"Transparency as a trust-building strategy, not a disclaimer Transparency in S.Y.N.Cstate isn’t a footnote or a legal safeguard it’s embedded in the experience. Users can see: Confidence levels Probability distributions When and why the system changes behavior This kind of transparency does more than inform.",authoritative|signal_based|warm,,False,2,,state_based,,1.0,True
TRB_0035,2026-02-04,Ethical AI — why uncertainty and transparency matter,Blog,TRB audience — transformational leaders,"What this means for the future of wellbeing technology As AI becomes more integrated into wellbeing tools, the biggest risk isn’t that systems will be inaccurate it’s that they’ll be overconfident.",direct,,False,1,,,,0.0,False
TRB_0036,2026-02-04,Ethical AI — why uncertainty and transparency matter,Blog,TRB audience — transformational leaders,"Outputs are framed as answers, even when the model isn’t sure. S.Y.N.Cstate takes a different approach: uncertainty is treated as meaningful information.",direct|signal_based,,False,2,,state_based,,1.0,True
TRB_0037,2026-02-04,Ethical AI — why uncertainty and transparency matter,Blog,TRB audience — transformational leaders,It builds trust by aligning system behavior with brand values.,direct,,False,1,,,,0.0,False
TRB_0038,2026-02-04,Ethical AI — why uncertainty and transparency matter,Blog,TRB audience — transformational leaders,"When confidence is higher, it still frames outputs as reflection prompts, not truths.",reflective|signal_based,,False,1,,,,1.0,True
TRB_0039,2026-02-04,Ethical AI — why uncertainty and transparency matter,Blog,TRB audience — transformational leaders,"From a product perspective, this can feel reassuring. From a human perspective, it can feel wrong.",direct,,False,2,,,,0.0,False
TRB_0040,2026-02-04,Ethical AI — why uncertainty and transparency matter,Blog,TRB audience — transformational leaders,A: The app should redirect to crisis resources. Human support comes first.,direct|empathetic|regulation_focused|warm,,False,2,,regulation_focused,,1.0,True
TRB_0041,2026-02-04,Ethical AI — why uncertainty and transparency matter,Blog,TRB audience — transformational leaders,"Keeping human judgment at the center of AI systems At every point in the S.Y.N.Cstate experience, the human remains in control. The system never says “you are X.” It says, “this resembles X does that fit?” When confidence is low, the system doesn’t guess.",authoritative|reflective|signal_based,absolute_language|identity_labeling,False,2,,state_based,identity_labeling,1.0,True
TRB_0042,2026-02-04,Ethical AI — why uncertainty and transparency matter,Blog,TRB audience — transformational leaders,"Rather than asking “How can we make the model sound confident?”, the design question becomes: “How should the system behave when it isn’t confident?” This shift changes everything from interaction flow to tone of voice. Uncertainty isn’t a failure of intelligence.",authoritative|capacity_honoring|direct|reflective,shame_framing,False,2,,,,1.0,True
TRB_0043,2026-02-04,Ethical AI — why uncertainty and transparency matter,Blog,TRB audience — transformational leaders,Any saved steps are session-based unless you choose to export them. Q: What happens if I’m unsafe?,reflective,,False,2,,,,0.0,False
TRB_0044,2026-02-04,Ethical AI — why uncertainty and transparency matter,Blog,TRB audience — transformational leaders,"It’s about behaving proportionally to what the system actually knows. Keeping human judgment at the center of AI systems At every point in the S.Y.N.Cstate experience, the human remains in control.",authoritative,,False,2,,state_based,urgency_pressure,0.0,False
TRB_0045,2026-02-04,Ethical AI — why uncertainty and transparency matter,Blog,TRB audience — transformational leaders,"Why this project matters beyond the demo S.Y.N.Cstate was intentionally built as a conceptual demo, not a finished product. Its purpose is to show how technical architecture, UX writing and brand ethics can work together to communicate integrity.",direct|integration_oriented,,False,2,,integration_oriented|state_based,,1.0,True
TRB_0046,2026-02-04,Ethical AI — why uncertainty and transparency matter,Blog,TRB audience — transformational leaders,Confidence scores are buried. Probabilities are abstracted away.,direct|signal_based,,False,2,,,,1.0,True
TRB_0047,2026-02-04,Ethical AI — why uncertainty and transparency matter,Blog,TRB audience — transformational leaders,It’s about behaving proportionally to what the system actually knows.,authoritative,,False,1,,,urgency_pressure,0.0,False
TRB_0048,2026-02-04,Ethical AI — why uncertainty and transparency matter,Blog,TRB audience — transformational leaders,"Using S.Y.N.Cstate as a practical case study, I’ll show how uncertainty-aware AI systems can support reflection, preserve human judgment and build trust by knowing when not to decide.",authoritative|empathetic|reflective|regulation_focused|warm,,False,1,,regulation_focused|state_based,urgency_pressure,1.0,True
TRB_0049,2026-02-04,Ethical AI — why uncertainty and transparency matter,Blog,TRB audience — transformational leaders,S.Y.N.Cstate takes a different approach: uncertainty is treated as meaningful information.,direct|signal_based,,False,1,,state_based,,1.0,True
TRB_0050,2026-02-04,Ethical AI — why uncertainty and transparency matter,Blog,TRB audience — transformational leaders,"In wellbeing contexts, the goal isn’t prediction it’s self-awareness. AI becomes a mirror, not a judge.",direct|reflective|regulation_focused,,False,2,,,,1.0,True
TRB_0051,2026-02-04,Ethical AI — why uncertainty and transparency matter,Blog,TRB audience — transformational leaders,"From a human perspective, it can feel wrong.",direct,,False,1,,,,0.0,False
TRB_0052,2026-02-04,Ethical AI — why uncertainty and transparency matter,Blog,TRB audience — transformational leaders,"A: In the demo, it doesn’t need personal identifiers.",direct,,False,1,,,,0.0,False
TRB_0053,2026-02-04,Ethical AI — why uncertainty and transparency matter,Blog,TRB audience — transformational leaders,"From a product perspective, this can feel reassuring.",direct,,False,1,,,,0.0,False
TRB_0054,2026-02-04,Ethical AI — why uncertainty and transparency matter,Blog,TRB audience — transformational leaders,"If you try it and it doesn’t fit, that’s okay and it's designed to make room for that reality.",direct,,False,1,,,,0.0,False
TRB_0055,2026-02-04,Ethical AI — why uncertainty and transparency matter,Blog,TRB audience — transformational leaders,"This is intentional. In wellbeing contexts, the goal isn’t prediction it’s self-awareness.",direct|reflective,,False,2,,,,0.0,False
TRB_0056,2026-02-04,"T.R.B Spotlight: Sumantha, The Quiet Power of Self-Awareness in Business",Blog,TRB audience — transformational leaders,Is the way I work now something I’d still want in 10 years?,direct|reflective,urgency_pressure,False,1,,,urgency_pressure,0.0,False
TRB_0057,2026-02-04,"T.R.B Spotlight: Sumantha, The Quiet Power of Self-Awareness in Business",Blog,TRB audience — transformational leaders,So here’s to Sum — a quiet powerhouse.,calm|direct|warm,,False,1,,,,0.0,False
TRB_0058,2026-02-04,"T.R.B Spotlight: Sumantha, The Quiet Power of Self-Awareness in Business",Blog,TRB audience — transformational leaders,"Some people walk into your awareness quietly, not with a pitch, but with presence and soul bare for the world to see.",calm|direct|warm,,False,1,,integration_oriented,,0.0,False
TRB_0059,2026-02-04,"T.R.B Spotlight: Sumantha, The Quiet Power of Self-Awareness in Business",Blog,TRB audience — transformational leaders,"In truth, what moves me most about her development isn’t her income. It’s her questions.",reflective,,False,2,,,,0.0,False
TRB_0060,2026-02-04,"T.R.B Spotlight: Sumantha, The Quiet Power of Self-Awareness in Business",Blog,TRB audience — transformational leaders,"We met because of music; that universal language that doesn’t care about dialect, color, time zones or titles. It brought us into the same space.",warm,,False,2,,capacity_honoring,,0.0,False
TRB_0061,2026-02-04,"T.R.B Spotlight: Sumantha, The Quiet Power of Self-Awareness in Business",Blog,TRB audience — transformational leaders,"So here’s to Sum — a quiet powerhouse. She’s the reason I stopped asking, “will they get it?” And started saying, “I get it.",calm|direct|reflective|warm,,False,2,,,,0.0,False
TRB_0062,2026-02-04,"T.R.B Spotlight: Sumantha, The Quiet Power of Self-Awareness in Business",Blog,TRB audience — transformational leaders,"The gentle but powerful way she leads her business with honesty, grace and sheer dedication to those she helps. She didn’t use the T.R.B™ System.",calm|regulation_focused,,False,2,,,,1.0,True
TRB_0063,2026-02-04,"T.R.B Spotlight: Sumantha, The Quiet Power of Self-Awareness in Business",Blog,TRB audience — transformational leaders,"But what kept me paying attention wasn’t just a shared beat, it was her rhythm.",direct,,False,1,,,,0.0,False
TRB_0064,2026-02-04,"T.R.B Spotlight: Sumantha, The Quiet Power of Self-Awareness in Business",Blog,TRB audience — transformational leaders,And that’s enough.” — Tomera T.R.B Comms™ | Transformation Without the Noise,direct,,False,1,,,,0.0,False
TRB_0065,2026-02-04,"T.R.B Spotlight: Sumantha, The Quiet Power of Self-Awareness in Business",Blog,TRB audience — transformational leaders,"It’s not stable.” So, like many, she ran a business and worked as an educator for 15 years. It wasn’t until 2017 that she left the classroom to become a full-time tutor.",direct,,False,2,,,,0.0,False
TRB_0066,2026-02-04,"T.R.B Spotlight: Sumantha, The Quiet Power of Self-Awareness in Business",Blog,TRB audience — transformational leaders,"And within six months, she was already earning more than her teaching salary.",direct,,False,1,,,,0.0,False
TRB_0067,2026-02-04,"T.R.B Spotlight: Sumantha, The Quiet Power of Self-Awareness in Business",Blog,TRB audience — transformational leaders,I met her husband first but then met Sum and she was pure light. An innocense and kindness you don't often feel from such a strong women.,reflective|warm,,False,2,,,,0.0,False
TRB_0068,2026-02-04,"T.R.B Spotlight: Sumantha, The Quiet Power of Self-Awareness in Business",Blog,TRB audience — transformational leaders,"And yet, her inner dialogue stayed honest: “I can’t believe this is working.” “I can’t believe this is still working.” Sumantha reminds us that success isn’t always a roar. Sometimes it’s a whisper that says, keep going and keep it consistent.",direct|reflective,absolute_language,False,2,,,,0.0,False
TRB_0069,2026-02-04,"T.R.B Spotlight: Sumantha, The Quiet Power of Self-Awareness in Business",Blog,TRB audience — transformational leaders,"But what kept me paying attention wasn’t just a shared beat, it was her rhythm. The cadence of her choices.",direct,,False,2,,,,0.0,False
TRB_0070,2026-02-04,"T.R.B Spotlight: Sumantha, The Quiet Power of Self-Awareness in Business",Blog,TRB audience — transformational leaders,"And within six months, she was already earning more than her teaching salary. But the most human part was It took her 2 years to trust it.",direct,,False,2,,,,0.0,False
TRB_0071,2026-02-04,"T.R.B Spotlight: Sumantha, The Quiet Power of Self-Awareness in Business",Blog,TRB audience — transformational leaders,She chose a path of self-discovery to understand her true passion which is never the easiest choice.,direct,absolute_language,False,1,,,,0.0,False
TRB_0072,2026-02-04,"T.R.B Spotlight: Sumantha, The Quiet Power of Self-Awareness in Business",Blog,TRB audience — transformational leaders,"Sumantha was one of those people for me and she embodies our core values; Trust, Resilience and Bravery. We met because of music; that universal language that doesn’t care about dialect, color, time zones or titles.",warm,,False,2,,,,0.0,False
TRB_0073,2026-02-04,"T.R.B Spotlight: Sumantha, The Quiet Power of Self-Awareness in Business",Blog,TRB audience — transformational leaders,She didn’t use the T.R.B™ System.,direct,,False,1,,,,0.0,False
TRB_0074,2026-02-04,"T.R.B Spotlight: Sumantha, The Quiet Power of Self-Awareness in Business",Blog,TRB audience — transformational leaders,"And yet, her inner dialogue stayed honest: “I can’t believe this is working.” “I can’t believe this is still working.” Sumantha reminds us that success isn’t always a roar.",direct|reflective,absolute_language,False,1,,,,0.0,False
TRB_0075,2026-02-04,"T.R.B Spotlight: Sumantha, The Quiet Power of Self-Awareness in Business",Blog,TRB audience — transformational leaders,I met her husband first but then met Sum and she was pure light.,reflective,,False,1,,,,0.0,False
TRB_0076,2026-02-04,"T.R.B Spotlight: Sumantha, The Quiet Power of Self-Awareness in Business",Blog,TRB audience — transformational leaders,It brought us into the same space.,direct,,False,1,,capacity_honoring,,0.0,False
TRB_0077,2026-02-04,"T.R.B Spotlight: Sumantha, The Quiet Power of Self-Awareness in Business",Blog,TRB audience — transformational leaders,"She’s the reason I stopped asking, “will they get it?” And started saying, “I get it. And that’s enough.” — Tomera T.R.B Comms™ | Transformation Without the Noise",direct|reflective,,False,2,,,,0.0,False
TRB_0078,2026-02-04,"T.R.B Spotlight: Sumantha, The Quiet Power of Self-Awareness in Business",Blog,TRB audience — transformational leaders,"We met because of music; that universal language that doesn’t care about dialect, color, time zones or titles.",warm,,False,1,,,,0.0,False
TRB_0079,2026-02-04,"T.R.B Spotlight: Sumantha, The Quiet Power of Self-Awareness in Business",Blog,TRB audience — transformational leaders,"The ones that show me she’s leading herself with intention, even when no one’s watching. What kind of future do I want and how much do I need to make it happen?",reflective|warm,absolute_language,False,2,,,,0.0,False
TRB_0080,2026-02-04,"T.R.B Spotlight: Sumantha, The Quiet Power of Self-Awareness in Business",Blog,TRB audience — transformational leaders,But the most human part was It took her 2 years to trust it. That’s the part no one puts in their Instagram bio; the time between it’s working and I believe it’s mine to keep.,reflective,absolute_language,False,2,,,,0.0,False
TRB_0081,2026-02-04,"T.R.B Spotlight: Sumantha, The Quiet Power of Self-Awareness in Business",Blog,TRB audience — transformational leaders,"She didn’t need to because her evolution as a businesswoman has already been steeped in truth, resilience, and a brave relationship with self-trust.",direct,,False,1,,,,0.0,False
TRB_0082,2026-02-04,"T.R.B Spotlight: Sumantha, The Quiet Power of Self-Awareness in Business",Blog,TRB audience — transformational leaders,"Those are the kinds of questions that build legacy, not just income.",reflective|warm,,False,1,,,,0.0,False
TRB_0083,2026-02-04,"T.R.B Spotlight: Sumantha, The Quiet Power of Self-Awareness in Business",Blog,TRB audience — transformational leaders,"But as I quietly watched her growth, both personally and professionally, she reminded me that mine didn’t need to be validated to be valuable.",calm|direct|reflective,,False,1,,,,0.0,False
TRB_0084,2026-02-04,"T.R.B Spotlight: Sumantha, The Quiet Power of Self-Awareness in Business",Blog,TRB audience — transformational leaders,"Those are the kinds of questions that build legacy, not just income. I didn’t create her transformation.",reflective|warm,,False,2,,,,0.0,False
TRB_0085,2026-02-04,"T.R.B Spotlight: Sumantha, The Quiet Power of Self-Awareness in Business",Blog,TRB audience — transformational leaders,What kind of future do I want and how much do I need to make it happen? Am I investing in myself or playing it safe?,reflective|warm,,False,2,,,,0.0,False
TRB_0086,2026-02-04,"T.R.B Spotlight: Sumantha, The Quiet Power of Self-Awareness in Business",Blog,TRB audience — transformational leaders,It wasn’t until 2017 that she left the classroom to become a full-time tutor.,direct,,False,1,,,,0.0,False
TRB_0087,2026-02-04,"T.R.B Spotlight: Sumantha, The Quiet Power of Self-Awareness in Business",Blog,TRB audience — transformational leaders,"In truth, what moves me most about her development isn’t her income.",direct,,False,1,,,,0.0,False
TRB_0088,2026-02-04,"T.R.B Spotlight: Sumantha, The Quiet Power of Self-Awareness in Business",Blog,TRB audience — transformational leaders,"She’s the reason I stopped asking, “will they get it?” And started saying, “I get it.",direct|reflective,,False,1,,,,0.0,False
TRB_0089,2026-02-04,"T.R.B Spotlight: Sumantha, The Quiet Power of Self-Awareness in Business",Blog,TRB audience — transformational leaders,"The gentle but powerful way she leads her business with honesty, grace and sheer dedication to those she helps.",calm|regulation_focused,,False,1,,,,1.0,True
TRB_0090,2026-02-04,"T.R.B Spotlight: Sumantha, The Quiet Power of Self-Awareness in Business",Blog,TRB audience — transformational leaders,Sumantha began her business journey holding onto a belief many of us grew up with: “You can’t rely on a business.,direct,,False,1,,,,0.0,False
TRB_0091,2026-02-04,"T.R.B Spotlight: Sumantha, The Quiet Power of Self-Awareness in Business",Blog,TRB audience — transformational leaders,She chose a path of self-discovery to understand her true passion which is never the easiest choice. Sumantha began her business journey holding onto a belief many of us grew up with: “You can’t rely on a business.,direct,absolute_language,False,2,,,,0.0,False
TRB_0092,2026-02-04,"T.R.B Spotlight: Sumantha, The Quiet Power of Self-Awareness in Business",Blog,TRB audience — transformational leaders,She didn't take the path of least resistence. She chose a path of self-discovery to understand her true passion which is never the easiest choice.,direct,absolute_language,False,2,,,,0.0,False
TRB_0093,2026-02-04,"T.R.B Spotlight: Sumantha, The Quiet Power of Self-Awareness in Business",Blog,TRB audience — transformational leaders,"The ones that show me she’s leading herself with intention, even when no one’s watching.",direct,absolute_language,False,1,,,,0.0,False
TRB_0094,2026-02-04,"T.R.B Spotlight: Sumantha, The Quiet Power of Self-Awareness in Business",Blog,TRB audience — transformational leaders,"An innocense and kindness you don't often feel from such a strong women. But what kept me paying attention wasn’t just a shared beat, it was her rhythm.",warm,,False,2,,,,0.0,False
TRB_0095,2026-02-04,"The TRB Story: Branding as Healing, Leading and Becoming",Blog,TRB audience — transformational leaders,Reflection TRB Comms is more than a rebrand.,reflective,,False,1,,,,0.0,False
TRB_0096,2026-02-04,"The TRB Story: Branding as Healing, Leading and Becoming",Blog,TRB audience — transformational leaders,"It’s about embodied transformation for artists, founders, leaders… and myself. I asked: What am I really here to build?",reflective,,False,2,,,,0.0,False
TRB_0097,2026-02-04,"The TRB Story: Branding as Healing, Leading and Becoming",Blog,TRB audience — transformational leaders,I asked: What am I really here to build?,reflective,,False,1,,,,0.0,False
TRB_0098,2026-02-04,"The TRB Story: Branding as Healing, Leading and Becoming",Blog,TRB audience — transformational leaders,I stepped fully into my truth as a Transformation Partner. Reflection TRB Comms is more than a rebrand.,reflective,,False,2,,,,0.0,False
TRB_0099,2026-02-04,"The TRB Story: Branding as Healing, Leading and Becoming",Blog,TRB audience — transformational leaders,I stopped calling myself a coach. I stepped fully into my truth as a Transformation Partner.,reflective,,False,2,,,,0.0,False
TRB_0100,2026-02-04,"The TRB Story: Branding as Healing, Leading and Becoming",Blog,TRB audience — transformational leaders,It’s a return to myself — and an invitation to others to do the same.,reflective,,False,1,,,,0.0,False
TRB_0101,2026-02-04,"The TRB Story: Branding as Healing, Leading and Becoming",Blog,TRB audience — transformational leaders,"Tee Rex was short for Tamara Rodgers. The Beats were my children, my literal heartbeat, my rhythm, and the reason I do any of this.",direct|reflective,,False,2,,,,0.0,False
TRB_0102,2026-02-04,"The TRB Story: Branding as Healing, Leading and Becoming",Blog,TRB audience — transformational leaders,"To be online, to be loud, to be relevant, to be everywhere.",direct,,False,1,,,,0.0,False
TRB_0103,2026-02-04,"The TRB Story: Branding as Healing, Leading and Becoming",Blog,TRB audience — transformational leaders,"But over time, I saw something beneath the surface—artists weren’t just struggling with promotion, they were struggling with alignment, burnout, and the emotional toll of being seen.",direct|playful|reflective,,False,1,,,,0.0,False
TRB_0104,2026-02-04,"The TRB Story: Branding as Healing, Leading and Becoming",Blog,TRB audience — transformational leaders,Tee Rex was short for Tamara Rodgers.,direct,,False,1,,,,0.0,False
TRB_0105,2026-02-04,"The TRB Story: Branding as Healing, Leading and Becoming",Blog,TRB audience — transformational leaders,"The Beats were my children, my literal heartbeat, my rhythm, and the reason I do any of this. Tee Rex Beats started as a PR and communications service for musicians, supporting their visibility, messaging, and creative identity.",direct|empathetic|reflective|warm,,False,2,,regulation_focused,,0.0,False
TRB_0106,2026-02-04,"The TRB Story: Branding as Healing, Leading and Becoming",Blog,TRB audience — transformational leaders,"A sanctuary. TRB now holds space for Transformational Leadership, Soul-Led Branding, and Neuroscience-Informed Messaging—rooted in the framework I created: The T.R.B System™ — Truth.",clinical|direct|reflective,urgency_pressure,False,2,,capacity_honoring,urgency_pressure,0.0,False
TRB_0107,2026-02-04,"The TRB Story: Branding as Healing, Leading and Becoming",Blog,TRB audience — transformational leaders,"I created five offerings: V.I.B.E™, R.I.S.E™, B.E.A.T™, Brandiq™, Mar.chology™.",reflective,,False,1,,,,0.0,False
TRB_0108,2026-02-04,"The TRB Story: Branding as Healing, Leading and Becoming",Blog,TRB audience — transformational leaders,"Through my education in psychology, I began to understand how nervous system health, identity, and leadership are intrinsically linked.",reflective,,False,1,,,,0.0,False
TRB_0109,2026-02-04,"The TRB Story: Branding as Healing, Leading and Becoming",Blog,TRB audience — transformational leaders,"Behind the screens, I saw anxiety. Overwhelm.",reflective,,False,2,,,,0.0,False
TRB_0110,2026-02-04,"The TRB Story: Branding as Healing, Leading and Becoming",Blog,TRB audience — transformational leaders,"To be online, to be loud, to be relevant, to be everywhere. Founders, coaches, and creatives were breaking under the pressure to perform their brand on platforms that rewarded noise over nuance.",direct,,False,2,,,,0.0,False
TRB_0111,2026-02-04,"The TRB Story: Branding as Healing, Leading and Becoming",Blog,TRB audience — transformational leaders,It’s a return to myself — and an invitation to others to do the same. It’s for those who don’t want to hustle harder… but want to lead deeper.,reflective,hard_language|hustle_language,False,2,,,hustle_language,0.0,False
TRB_0112,2026-02-04,"The TRB Story: Branding as Healing, Leading and Becoming",Blog,TRB audience — transformational leaders,"Founders, coaches, and creatives were breaking under the pressure to perform their brand on platforms that rewarded noise over nuance. Behind the screens, I saw anxiety.",reflective,,False,2,,,,0.0,False
TRB_0113,2026-02-04,"The TRB Story: Branding as Healing, Leading and Becoming",Blog,TRB audience — transformational leaders,"But over time, I saw something beneath the surface—artists weren’t just struggling with promotion, they were struggling with alignment, burnout, and the emotional toll of being seen. The Bigger Shift: From Messaging to Mental Health As the digital landscape exploded, so did the pressure.",direct|playful|reflective,,False,2,,,,0.0,False
TRB_0114,2026-02-04,"The TRB Story: Branding as Healing, Leading and Becoming",Blog,TRB audience — transformational leaders,"Behind the screens, I saw anxiety.",reflective,,False,1,,,,0.0,False
TRB_0115,2026-02-04,"The TRB Story: Branding as Healing, Leading and Becoming",Blog,TRB audience — transformational leaders,"Bravery. I created five offerings: V.I.B.E™, R.I.S.E™, B.E.A.T™, Brandiq™, Mar.chology™.",reflective,,False,2,,,,0.0,False
TRB_0116,2026-02-04,"The TRB Story: Branding as Healing, Leading and Becoming",Blog,TRB audience — transformational leaders,I asked: What am I really here to build? A system.,reflective,,False,2,,,,0.0,False
TRB_0117,2026-02-04,"The TRB Story: Branding as Healing, Leading and Becoming",Blog,TRB audience — transformational leaders,"From Beats to Bravery: The Truth About TRB Comms Back in 2005, on the cusp of welcoming my third and final child into the world, I gave birth to something else: Tee Rex Beats Communications.",direct|reflective,,False,1,,,,0.0,False
TRB_0118,2026-02-04,"The TRB Story: Branding as Healing, Leading and Becoming",Blog,TRB audience — transformational leaders,"TRB now holds space for Transformational Leadership, Soul-Led Branding, and Neuroscience-Informed Messaging—rooted in the framework I created: The T.R.B System™ — Truth. Resilience.",clinical|direct|reflective,urgency_pressure,False,2,,capacity_honoring,urgency_pressure,0.0,False
TRB_0119,2026-02-04,"The TRB Story: Branding as Healing, Leading and Becoming",Blog,TRB audience — transformational leaders,It’s for those who don’t want to hustle harder… but want to lead deeper.,direct,hard_language|hustle_language,False,1,,,hustle_language,0.0,False
TRB_0120,2026-02-04,"The TRB Story: Branding as Healing, Leading and Becoming",Blog,TRB audience — transformational leaders,"The Beats were my children, my literal heartbeat, my rhythm, and the reason I do any of this.",direct|reflective,,False,1,,,,0.0,False
TRB_0121,2026-02-04,Coaching in Crisis: Why Survival Requires a New Model,Blog,TRB audience — transformational leaders,"Steps to Transition to a Neuroscience-Backed Model Continuous Learning and Training in Neuroscience Adopting a Client-Centric Approach Implementing Mindfulness and Self-Reflection Techniques In conclusion, it's time for coaches to rethink their tried-and-true methods and consider embracing a neuroscience-backed transformational model.",calm|clinical|direct|reflective,,False,1,,,,0.0,False
TRB_0122,2026-02-04,Coaching in Crisis: Why Survival Requires a New Model,Blog,TRB audience — transformational leaders,"Another big limitation is the tendency to lean heavily on one-size-fits-all solutions. Clients are unique beings, each with their own set of experiences and challenges.",direct,,False,2,,,,0.0,False
TRB_0123,2026-02-04,Coaching in Crisis: Why Survival Requires a New Model,Blog,TRB audience — transformational leaders,Benefits of a Non-Coaching Transformational Model Promoting Internal-External Alignment This model ensures that clients' inner world and outer expressions are in sync.,direct,,False,1,,,,0.0,False
TRB_0124,2026-02-04,Coaching in Crisis: Why Survival Requires a New Model,Blog,TRB audience — transformational leaders,"Clients are unique beings, each with their own set of experiences and challenges. The Rise of Neuroscience in Coaching Neuroscience brings a fresh perspective by focusing on how our brains function and form habits.",clinical,,False,2,,,,0.0,False
TRB_0125,2026-02-04,Coaching in Crisis: Why Survival Requires a New Model,Blog,TRB audience — transformational leaders,"Coaches everywhere are starting to rethink the traditional approaches that have dominated the field for years. By embracing a fresh perspective, one that integrates neuroscience and focuses on a non-coaching, transformational model, you can align the internal mind and external reality of your clients.",clinical,,False,2,,,,0.0,False
TRB_0126,2026-02-04,Coaching in Crisis: Why Survival Requires a New Model,Blog,TRB audience — transformational leaders,"By embracing a fresh perspective, one that integrates neuroscience and focuses on a non-coaching, transformational model, you can align the internal mind and external reality of your clients.",clinical,,False,1,,,,0.0,False
TRB_0127,2026-02-04,Coaching in Crisis: Why Survival Requires a New Model,Blog,TRB audience — transformational leaders,The Rise of Neuroscience in Coaching Neuroscience brings a fresh perspective by focusing on how our brains function and form habits. Understanding neural patterns offers insights into why people act the way they do and how they can change.,clinical|signal_based,,False,2,,,,1.0,True
TRB_0128,2026-02-04,Coaching in Crisis: Why Survival Requires a New Model,Blog,TRB audience — transformational leaders,Understanding neural patterns offers insights into why people act the way they do and how they can change. The concept of neuroplasticity empowers coaches to help clients embrace change more readily.,clinical|signal_based,,False,2,,,,1.0,True
TRB_0129,2026-02-04,Coaching in Crisis: Why Survival Requires a New Model,Blog,TRB audience — transformational leaders,Traditional models typically focus on what’s visible—the symptoms—and not the underlying causes.,clinical,,False,1,,,,0.0,False
TRB_0130,2026-02-04,Coaching in Crisis: Why Survival Requires a New Model,Blog,TRB audience — transformational leaders,Coaching in Crisis: Why Survival Requires a New Model Why should coaches consider throwing away their coaching models and go for a non-coaching neuroscience backed transformational model?,clinical|reflective,,False,1,,,,0.0,False
TRB_0131,2026-02-04,Coaching in Crisis: Why Survival Requires a New Model,Blog,TRB audience — transformational leaders,"Have you ever felt like your coaching model is a bit like an old pair of shoes—once comfortable, but now a little too worn out for the journey ahead?",reflective,urgency_pressure,False,1,,,urgency_pressure,0.0,False
TRB_0132,2026-02-04,Coaching in Crisis: Why Survival Requires a New Model,Blog,TRB audience — transformational leaders,"Clients are unique beings, each with their own set of experiences and challenges.",direct,,False,1,,,,0.0,False
TRB_0133,2026-02-04,Coaching in Crisis: Why Survival Requires a New Model,Blog,TRB audience — transformational leaders,"Have you ever felt like your coaching model is a bit like an old pair of shoes—once comfortable, but now a little too worn out for the journey ahead? You're not alone!",empathetic|reflective,identity_labeling|urgency_pressure,False,2,,,urgency_pressure,0.0,False
TRB_0134,2026-02-04,Coaching in Crisis: Why Survival Requires a New Model,Blog,TRB audience — transformational leaders,Traditional models typically focus on what’s visible—the symptoms—and not the underlying causes. Another big limitation is the tendency to lean heavily on one-size-fits-all solutions.,clinical|direct,,False,2,,,,0.0,False
TRB_0135,2026-02-04,Coaching in Crisis: Why Survival Requires a New Model,Blog,TRB audience — transformational leaders,The Limitations of Traditional Coaching Models Many conventional coaching methods tend to scrape the surface rather than dig deep into the root of the issue. Traditional models typically focus on what’s visible—the symptoms—and not the underlying causes.,clinical,,False,2,,,,0.0,False
TRB_0136,2026-02-04,Coaching in Crisis: Why Survival Requires a New Model,Blog,TRB audience — transformational leaders,"The Science Behind Transformational Change Transformational change goes beyond surface-level improvements; it’s about fostering a deep, sustainable shift in perspective and behavior.",direct|integration_oriented,,False,1,,integration_oriented,,1.0,True
TRB_0137,2026-02-04,Coaching in Crisis: Why Survival Requires a New Model,Blog,TRB audience — transformational leaders,Coaching in Crisis: Why Survival Requires a New Model Why should coaches consider throwing away their coaching models and go for a non-coaching neuroscience backed transformational model? They will if they want to survive.,clinical|reflective|urgent,,False,2,,,,0.0,False
TRB_0138,2026-02-04,Coaching in Crisis: Why Survival Requires a New Model,Blog,TRB audience — transformational leaders,They will if they want to survive.,urgent,,False,1,,,,0.0,False
TRB_0139,2026-02-04,Coaching in Crisis: Why Survival Requires a New Model,Blog,TRB audience — transformational leaders,"Personalized Approaches for Sustainable Change Unlike cookie-cutter coaching models, a neuroscience-backed transformational approach tailors the experience. Emphasizing Self-Discovery and Empowerment The transformational model encourages self-discovery, empowering clients to become the architects of their own destiny.",clinical|direct,,False,2,,,,0.0,False
TRB_0140,2026-02-04,Coaching in Crisis: Why Survival Requires a New Model,Blog,TRB audience — transformational leaders,"They will if they want to survive. Have you ever felt like your coaching model is a bit like an old pair of shoes—once comfortable, but now a little too worn out for the journey ahead?",reflective|urgent,urgency_pressure,False,2,,,urgency_pressure,0.0,False
TRB_0141,2026-02-04,Teaching Technology to Listen Before it Decides,Blog,TRB audience — transformational leaders,"That question is what led me to build S.Y.N.Cstate™ So… what is S.Y.N.Cstate™? S.Y.N.Cstate™ is a small, thoughtful experiment that explores a simple idea: Can technology learn to reflect how someone is doing without forcing certainty or judgment?",direct|reflective,,False,2,,state_based,,0.0,False
TRB_0142,2026-02-04,Teaching Technology to Listen Before it Decides,Blog,TRB audience — transformational leaders,"If confidence is low, it pauses and invites more context instead of guessing.",calm|signal_based,,False,1,,,,1.0,True
TRB_0143,2026-02-04,Teaching Technology to Listen Before it Decides,Blog,TRB audience — transformational leaders,That question is what led me to build S.Y.N.Cstate™ So… what is S.Y.N.Cstate™?,direct|reflective,,False,1,,state_based,,0.0,False
TRB_0144,2026-02-04,Teaching Technology to Listen Before it Decides,Blog,TRB audience — transformational leaders,"Before reflecting a state, the system checks its own confidence.",authoritative|reflective|signal_based|state_based,,False,1,,state_based,,2.0,True
TRB_0145,2026-02-04,Teaching Technology to Listen Before it Decides,Blog,TRB audience — transformational leaders,"Most technology is built to optimize, categorize or push outcomes.",direct,hard_language|hustle_language,False,1,,,hustle_language,0.0,False
TRB_0146,2026-02-04,Teaching Technology to Listen Before it Decides,Blog,TRB audience — transformational leaders,"The four wellbeing states Rather than scoring people or ranking performance, S.Y.N.Cstate™ reflects one of four human-readable states: Balanced — steady, resourced, regulated Elevated — energized, activated, creatively engaged Overloaded — strained, stretched, depleted Disconnected — withdrawn, low-energy, checked out These aren’t labels.",calm|direct|reflective|state_based,performance_framing,False,1,,state_based,performance_framing,1.0,True
TRB_0147,2026-02-04,Teaching Technology to Listen Before it Decides,Blog,TRB audience — transformational leaders,Here’s the simplest way to think about it: Many small signals come in.,direct|signal_based,,False,1,,signal_based,,1.0,True
TRB_0148,2026-02-04,Teaching Technology to Listen Before it Decides,Blog,TRB audience — transformational leaders,"Before reflecting a state, the system checks its own confidence. If confidence is high, it reflects clearly.",authoritative|reflective|signal_based|state_based,,False,2,,state_based,,2.0,True
TRB_0149,2026-02-04,Teaching Technology to Listen Before it Decides,Blog,TRB audience — transformational leaders,"Instead of using rigid rules (“if stress is high, then X”), S.Y.N.Cstate™ looks at patterns across signals, the way a human brain does.",direct|signal_based,,False,1,,signal_based|state_based,,1.0,True
TRB_0150,2026-02-04,Teaching Technology to Listen Before it Decides,Blog,TRB audience — transformational leaders,They’re descriptions similar to how you might describe your own day.,direct,,False,1,,,,0.0,False
TRB_0151,2026-02-04,Teaching Technology to Listen Before it Decides,Blog,TRB audience — transformational leaders,"How the “brain-like” part works Instead of following fixed instructions, S.Y.N.Cstate™ uses a neural network a type of model inspired by how the human brain works.",clinical,,False,1,,state_based,fixing_language,0.0,False
TRB_0152,2026-02-04,Teaching Technology to Listen Before it Decides,Blog,TRB audience — transformational leaders,"Most technology is built to optimize, categorize or push outcomes. But human wellbeing doesn’t work that way.",direct,hard_language|hustle_language,False,2,,,hustle_language,0.0,False
TRB_0153,2026-02-04,Teaching Technology to Listen Before it Decides,Blog,TRB audience — transformational leaders,We don’t wake up as a single number.,direct,,False,1,,,,0.0,False
TRB_0154,2026-02-04,Teaching Technology to Listen Before it Decides,Blog,TRB audience — transformational leaders,"We don’t wake up as a single number. We move through days shaped by sleep, stress, energy, support, and pressure all interacting at once.",empathetic|regulation_focused|warm,,False,2,,regulation_focused,,1.0,True
TRB_0155,2026-02-04,Teaching Technology to Listen Before it Decides,Blog,TRB audience — transformational leaders,But human wellbeing doesn’t work that way.,direct,,False,1,,,,0.0,False
TRB_0156,2026-02-04,Teaching Technology to Listen Before it Decides,Blog,TRB audience — transformational leaders,"How the “brain-like” part works Instead of following fixed instructions, S.Y.N.Cstate™ uses a neural network a type of model inspired by how the human brain works. Here’s the simplest way to think about it: Many small signals come in.",clinical|direct|signal_based,,False,2,,signal_based|state_based,fixing_language,1.0,True
TRB_0157,2026-02-04,Teaching Technology to Listen Before it Decides,Blog,TRB audience — transformational leaders,"If confidence is high, it reflects clearly.",reflective|signal_based,,False,1,,,,1.0,True
TRB_0158,2026-02-04,"Ageism in the Job Market? Here's How I'm Flipping the Script with Truth, Resilience and Bravery",LinkedIn,TRB audience — transformational leaders,"But here’s the truth: I’m not here to downplay my journey, I’m here to own it. I am showing up with consistency and standing out… I lead with value, not dates.",direct|reflective,,False,2,,,,0.0,False
TRB_0159,2026-02-04,"Ageism in the Job Market? Here's How I'm Flipping the Script with Truth, Resilience and Bravery",LinkedIn,TRB audience — transformational leaders,Brands built. I stay current and curious.,reflective|state_based,,False,2,,,,1.0,True
TRB_0160,2026-02-04,"Ageism in the Job Market? Here's How I'm Flipping the Script with Truth, Resilience and Bravery",LinkedIn,TRB audience — transformational leaders,"I am showing up with consistency and standing out… I lead with value, not dates.",reflective,,False,1,,,,0.0,False
TRB_0161,2026-02-04,"Ageism in the Job Market? Here's How I'm Flipping the Script with Truth, Resilience and Bravery",LinkedIn,TRB audience — transformational leaders,"I don't shrink to fit a mold. I'm here to bring clarity, creativity and calm to businesses and leaders that need it.",calm|reflective,,False,2,,,,0.0,False
TRB_0162,2026-02-04,"Ageism in the Job Market? Here's How I'm Flipping the Script with Truth, Resilience and Bravery",LinkedIn,TRB audience — transformational leaders,"Let’s be real, ageism is alive and well in the job market.",direct,,False,1,,,,0.0,False
TRB_0163,2026-02-04,"Ageism in the Job Market? Here's How I'm Flipping the Script with Truth, Resilience and Bravery",LinkedIn,TRB audience — transformational leaders,"I highlight what matters: the wins, the shifts, the growth I’ve helped make happen.",reflective,,False,1,,,,0.0,False
TRB_0164,2026-02-04,"Ageism in the Job Market? Here's How I'm Flipping the Script with Truth, Resilience and Bravery",LinkedIn,TRB audience — transformational leaders,"I use the tech, speak the language and stay sharp, not to prove anything but because I genuinely love learning. I bring experience and energy.",reflective|warm,,False,2,,,,0.0,False
TRB_0165,2026-02-04,"Ageism in the Job Market? Here's How I'm Flipping the Script with Truth, Resilience and Bravery",LinkedIn,TRB audience — transformational leaders,"I bring experience and energy. I've coached through crises, scaled through chaos and kept going.",reflective,,False,2,,,,0.0,False
TRB_0166,2026-02-04,"Ageism in the Job Market? Here's How I'm Flipping the Script with Truth, Resilience and Bravery",LinkedIn,TRB audience — transformational leaders,"I highlight what matters: the wins, the shifts, the growth I’ve helped make happen. Revenue grown.",reflective,,False,2,,,,0.0,False
TRB_0167,2026-02-04,"Ageism in the Job Market? Here's How I'm Flipping the Script with Truth, Resilience and Bravery",LinkedIn,TRB audience — transformational leaders,"So no, I won’t hide my age to get through the door.",direct|reflective,,False,1,,,,0.0,False
TRB_0168,2026-02-04,"Ageism in the Job Market? Here's How I'm Flipping the Script with Truth, Resilience and Bravery",LinkedIn,TRB audience — transformational leaders,"Let’s be real, ageism is alive and well in the job market. And I have so many chapters in my life that there is no way I could hide my age.",direct|reflective,,False,2,,,,0.0,False
TRB_0169,2026-02-04,"Ageism in the Job Market? Here's How I'm Flipping the Script with Truth, Resilience and Bravery",LinkedIn,TRB audience — transformational leaders,It also doesn’t help that ‘imposter syndrome’ is alive and kicking—and I’ve experienced that too.,direct|reflective,,False,1,,,,0.0,False
TRB_0170,2026-02-04,"Ageism in the Job Market? Here's How I'm Flipping the Script with Truth, Resilience and Bravery",LinkedIn,TRB audience — transformational leaders,"It also doesn’t help that ‘imposter syndrome’ is alive and kicking—and I’ve experienced that too. I’ve seen it, felt it and like many seasoned professional women, I’ve had those moments where experience somehow became a “nice to have” instead of the powerhouse it actually is.",direct|reflective,,False,2,,,,0.0,False
TRB_0171,2026-02-04,"Ageism in the Job Market? Here's How I'm Flipping the Script with Truth, Resilience and Bravery",LinkedIn,TRB audience — transformational leaders,And I have so many chapters in my life that there is no way I could hide my age.,direct|reflective,,False,1,,,,0.0,False
TRB_0172,2026-02-04,"Ageism in the Job Market? Here's How I'm Flipping the Script with Truth, Resilience and Bravery",LinkedIn,TRB audience — transformational leaders,"I use the tech, speak the language and stay sharp, not to prove anything but because I genuinely love learning.",reflective|warm,,False,1,,,,0.0,False
TRB_0173,2026-02-04,"Ageism in the Job Market? Here's How I'm Flipping the Script with Truth, Resilience and Bravery",LinkedIn,TRB audience — transformational leaders,"I'm here to bring clarity, creativity and calm to businesses and leaders that need it.",calm|reflective,,False,1,,,,0.0,False
TRB_0174,2026-02-04,From Ian Curtis’s Legacy to Dave Grohl’s Resilience: Changing the Narrative on Artist Suicide,Blog,TRB audience — musicians wellbeing,"When Ian Curtis of Joy Division took his life in 1980, the world lost more than a haunting voice; it was confronted with the raw, unspoken reality of depression in the music industry.",direct,,False,1,,,,0.0,False
TRB_0175,2026-02-04,From Ian Curtis’s Legacy to Dave Grohl’s Resilience: Changing the Narrative on Artist Suicide,Blog,TRB audience — musicians wellbeing,"By leaning on close friends and family, he found a support system. Grohl embraced creative expression, journaling, physical activity, and mindfulness techniques like meditation and breathing exercises.",calm|empathetic|regulation_focused|warm,,False,2,,regulation_focused,,1.0,True
TRB_0176,2026-02-04,From Ian Curtis’s Legacy to Dave Grohl’s Resilience: Changing the Narrative on Artist Suicide,Blog,TRB audience — musicians wellbeing,"Grohl took time away to grieve, reflect, and heal. By leaning on close friends and family, he found a support system.",empathetic|reflective|regulation_focused|warm,,False,2,,regulation_focused,,1.0,True
TRB_0177,2026-02-04,From Ian Curtis’s Legacy to Dave Grohl’s Resilience: Changing the Narrative on Artist Suicide,Blog,TRB audience — musicians wellbeing,Curtis’s death became one of the first artist suicides to crack the surface of public conversation around mental health and creative pressure.,direct,,False,1,,,,0.0,False
TRB_0178,2026-02-04,From Ian Curtis’s Legacy to Dave Grohl’s Resilience: Changing the Narrative on Artist Suicide,Blog,TRB audience — musicians wellbeing,This pressure has led many talented artists into spirals of depression and anxiety—sometimes with tragic outcomes.,direct,,False,1,,,,0.0,False
TRB_0179,2026-02-04,From Ian Curtis’s Legacy to Dave Grohl’s Resilience: Changing the Narrative on Artist Suicide,Blog,TRB audience — musicians wellbeing,"The music industry is often seen as an alluring and glamorous world filled with fame, fortune, and endless creativity. However, beneath the glossy exterior lies a challenging environment that can put tremendous pressure on artists.",formal,,False,2,,,,0.0,False
TRB_0180,2026-02-04,From Ian Curtis’s Legacy to Dave Grohl’s Resilience: Changing the Narrative on Artist Suicide,Blog,TRB audience — musicians wellbeing,"Common pressures include inconsistent income, public scrutiny, touring demands, creative pressure, and isolation. Unlike the tragic stories of Curtis and Cornell, Dave Grohl offers a poignant example of resilience and stress management.",direct,,False,2,,,,0.0,False
TRB_0181,2026-02-04,From Ian Curtis’s Legacy to Dave Grohl’s Resilience: Changing the Narrative on Artist Suicide,Blog,TRB audience — musicians wellbeing,"But artists like Dave Grohl, who walked through the trauma of losing Kurt Cobain, are offering a new narrative—one rooted not in denial, but in resilience, vulnerability and creative healing.",direct,,False,1,,,,0.0,False
TRB_0182,2026-02-04,From Ian Curtis’s Legacy to Dave Grohl’s Resilience: Changing the Narrative on Artist Suicide,Blog,TRB audience — musicians wellbeing,"Grohl embraced creative expression, journaling, physical activity, and mindfulness techniques like meditation and breathing exercises.",calm,,False,1,,,,0.0,False
TRB_0183,2026-02-04,From Ian Curtis’s Legacy to Dave Grohl’s Resilience: Changing the Narrative on Artist Suicide,Blog,TRB audience — musicians wellbeing,"By leaning on close friends and family, he found a support system.",empathetic|regulation_focused|warm,,False,1,,regulation_focused,,1.0,True
TRB_0184,2026-02-04,From Ian Curtis’s Legacy to Dave Grohl’s Resilience: Changing the Narrative on Artist Suicide,Blog,TRB audience — musicians wellbeing,"Unlike the tragic stories of Curtis and Cornell, Dave Grohl offers a poignant example of resilience and stress management. Grohl took time away to grieve, reflect, and heal.",reflective,,False,2,,,,0.0,False
TRB_0185,2026-02-04,From Ian Curtis’s Legacy to Dave Grohl’s Resilience: Changing the Narrative on Artist Suicide,Blog,TRB audience — musicians wellbeing,But the struggles persist and the pattern repeats itself with the heartbreaking loss of Chris Cornell and others who seemed to have it all.,playful|signal_based,,False,1,,,,1.0,True
TRB_0186,2026-02-04,From Ian Curtis’s Legacy to Dave Grohl’s Resilience: Changing the Narrative on Artist Suicide,Blog,TRB audience — musicians wellbeing,"This pressure has led many talented artists into spirals of depression and anxiety—sometimes with tragic outcomes. Common pressures include inconsistent income, public scrutiny, touring demands, creative pressure, and isolation.",direct,,False,2,,,,0.0,False
TRB_0187,2026-02-04,My digital growth,LinkedIn,TRB audience — transformational leaders,"Guess we all have our thing. Mine just happens to come with Gantt charts, growth loops and a suspicious number of HubSpot tabs open.",direct,,False,2,,,,0.0,False
TRB_0188,2026-02-04,My digital growth,LinkedIn,TRB audience — transformational leaders,"I binge LinkedIn thought-leaders, martech demos and videos breaking down GTM motion failures like it's Netflix drama. Guess we all have our thing.",playful|reflective,,False,2,,,,0.0,False
TRB_0189,2026-02-04,My digital growth,LinkedIn,TRB audience — transformational leaders,I love I've been old enough to know what it's like to play in the grass with no shoes and only TV inside to entertain but also to know the digital explosion where we can all sit in our Uggs and scroll endlessly.,direct|playful|reflective|warm,,False,1,,,urgency_pressure,0.0,False
TRB_0190,2026-02-04,My digital growth,LinkedIn,TRB audience — transformational leaders,"I binge LinkedIn thought-leaders, martech demos and videos breaking down GTM motion failures like it's Netflix drama.",playful|reflective,,False,1,,,,0.0,False
TRB_0191,2026-02-04,My digital growth,LinkedIn,TRB audience — transformational leaders,"🙃 She says, “Mum, how is that funny?” I replied: “Precious girl, it’s a pipeline problem with poor product-market fit and marcomms didn’t align with sales again. That’s hilarious.” Some people watch Real Housewives.",direct|playful|reflective,,False,2,,,,0.0,False
TRB_0192,2026-02-04,My digital growth,LinkedIn,TRB audience — transformational leaders,"I totally embraced it without fear. But here we are 2025, and my daughter’s watching TikTok girls twerking in ring lights and contouring like it’s a Marvel transformation sequence… I’m over here laughing at jokes about SaaS onboarding friction and Ian's comedic ELT/client/sales misalignment videos.",playful|reflective,,False,2,,,,0.0,False
TRB_0193,2026-02-04,My digital growth,LinkedIn,TRB audience — transformational leaders,I totally embraced it without fear.,reflective,,False,1,,,,0.0,False
TRB_0194,2026-02-04,My digital growth,LinkedIn,TRB audience — transformational leaders,"Mine just happens to come with Gantt charts, growth loops and a suspicious number of HubSpot tabs open.",direct,,False,1,,,,0.0,False
TRB_0195,2026-02-04,LinkedIn Promo: Sumantha Spotlight,LinkedIn,TRB audience — transformational leaders,"Self-trust is a strategy. True evolution comes from tuning in, not tuning out.",direct,,False,2,,,,0.0,False
TRB_0196,2026-02-04,LinkedIn Promo: Sumantha Spotlight,LinkedIn,TRB audience — transformational leaders,"Some people inspire you just by being themselves. Sumantha McMahon's story is one of self-awareness, grounded leadership and redefining success on her terms.",calm|direct|reflective,,False,2,,,,0.0,False
TRB_0197,2026-02-04,LinkedIn Promo: Sumantha Spotlight,LinkedIn,TRB audience — transformational leaders,This is for anyone who’s ever thought: “Is there a different way to succeed?” “Can I lead quietly and powerfully?” And her story reminds us: You don’t have to follow the loudest voice to succeed.,calm|direct|reflective,,False,1,,,,0.0,False
TRB_0198,2026-02-04,LinkedIn Promo: Sumantha Spotlight,LinkedIn,TRB audience — transformational leaders,Some people inspire you just by being themselves.,direct,,False,1,,,,0.0,False
TRB_0199,2026-02-04,LinkedIn Promo: Sumantha Spotlight,LinkedIn,TRB audience — transformational leaders,"True evolution comes from tuning in, not tuning out.",direct,,False,1,,,,0.0,False
TRB_0200,2026-02-04,LinkedIn Promo: Sumantha Spotlight,LinkedIn,TRB audience — transformational leaders,"Sumantha McMahon's story is one of self-awareness, grounded leadership and redefining success on her terms.",calm|reflective,,False,1,,,,0.0,False
TRB_C_0001,2026-02-04,Contrastive Training (TRB Language Rules),Internal,TRB / SYNCstate language guardrails,Start Optimization,direct,hustle_language,True,1,❌ negative example,,,,
TRB_C_0002,2026-02-04,Contrastive Training (TRB Language Rules),Internal,TRB / SYNCstate language guardrails,Begin Regulation,reflective|regulation_focused|warm,,True,1,✅ positive example,,,,
TRB_C_0003,2026-02-04,Contrastive Training (TRB Language Rules),Internal,TRB / SYNCstate language guardrails,Fix Your State,direct|state_based,fixing_language,True,1,❌ negative example,,,,
TRB_C_0004,2026-02-04,Contrastive Training (TRB Language Rules),Internal,TRB / SYNCstate language guardrails,Support Your State,reflective|regulation_focused|state_based|warm,,True,1,✅ positive example,,,,
TRB_C_0005,2026-02-04,Contrastive Training (TRB Language Rules),Internal,TRB / SYNCstate language guardrails,Push Through,direct,performance_framing,True,1,❌ negative example,,,,
TRB_C_0006,2026-02-04,Contrastive Training (TRB Language Rules),Internal,TRB / SYNCstate language guardrails,Move Gently,reflective|regulation_focused|warm,,True,1,✅ positive example,,,,
TRB_C_0007,2026-02-04,Contrastive Training (TRB Language Rules),Internal,TRB / SYNCstate language guardrails,Boost Productivity,direct,performance_framing,True,1,❌ negative example,,,,
TRB_C_0008,2026-02-04,Contrastive Training (TRB Language Rules),Internal,TRB / SYNCstate language guardrails,Support Sustainable Output,reflective|regulation_focused|warm,performance_framing,True,1,✅ positive example,,,,
TRB_C_0009,2026-02-04,Contrastive Training (TRB Language Rules),Internal,TRB / SYNCstate language guardrails,Improve Performance,direct,performance_framing,True,1,❌ negative example,,,,
TRB_C_0010,2026-02-04,Contrastive Training (TRB Language Rules),Internal,TRB / SYNCstate language guardrails,Support Presence,reflective|regulation_focused|warm,,True,1,✅ positive example,,,,
TRB_C_0011,2026-02-04,Contrastive Training (TRB Language Rules),Internal,TRB / SYNCstate language guardrails,Control Your Mood,direct,performance_framing,True,1,❌ negative example,,,,
TRB_C_0012,2026-02-04,Contrastive Training (TRB Language Rules),Internal,TRB / SYNCstate language guardrails,Support Regulation at Your Pace,capacity_honoring|reflective|regulation_focused|warm,,True,1,✅ positive example,,,,
TRB_C_0013,2026-02-04,Contrastive Training (TRB Language Rules),Internal,TRB / SYNCstate language guardrails,Hack Your Routine,direct,hustle_language,True,1,❌ negative example,,,,
TRB_C_0014,2026-02-04,Contrastive Training (TRB Language Rules),Internal,TRB / SYNCstate language guardrails,Build Consistency with Care,warm|reflective,,True,1,✅ positive example,,,,
TRB_C_0015,2026-02-04,Contrastive Training (TRB Language Rules),Internal,TRB / SYNCstate language guardrails,Optimize Your Day,direct,hustle_language,True,1,❌ negative example,,,,
TRB_C_0016,2026-02-04,Contrastive Training (TRB Language Rules),Internal,TRB / SYNCstate language guardrails,Meet Your Capacity Today,capacity_honoring|reflective|warm,,True,1,✅ positive example,,,,
TRB_C_0017,2026-02-04,Contrastive Training (TRB Language Rules),Internal,TRB / SYNCstate language guardrails,Fix Your Dysregulation,direct,fixing_language,True,1,❌ negative example,,,,
TRB_C_0018,2026-02-04,Contrastive Training (TRB Language Rules),Internal,TRB / SYNCstate language guardrails,Support Regulation Without Force,reflective|regulation_focused|warm,,True,1,✅ positive example,,,,
TRB_C_0019,2026-02-04,Contrastive Training (TRB Language Rules),Internal,TRB / SYNCstate language guardrails,Push for Results,direct,performance_framing,True,1,❌ negative example,,,,
TRB_C_0020,2026-02-04,Contrastive Training (TRB Language Rules),Internal,TRB / SYNCstate language guardrails,Allow What’s Possible Right Now,capacity_honoring|reflective|warm,urgency_pressure,True,1,✅ positive example,,,,
TRB_C_0021,2026-02-04,Contrastive Training (TRB Language Rules),Internal,TRB / SYNCstate language guardrails,Your input shows dysregulation.,direct|signal_based,performance_framing,True,1,❌ negative example,,,,
TRB_C_0022,2026-02-04,Contrastive Training (TRB Language Rules),Internal,TRB / SYNCstate language guardrails,Your system is sending signals.,reflective|signal_based|warm,,True,1,✅ positive example,,,,
TRB_C_0023,2026-02-04,Contrastive Training (TRB Language Rules),Internal,TRB / SYNCstate language guardrails,You need to calm down.,direct,fixing_language,True,1,❌ negative example,,,,
TRB_C_0024,2026-02-04,Contrastive Training (TRB Language Rules),Internal,TRB / SYNCstate language guardrails,Support regulation at your pace.,capacity_honoring|reflective|regulation_focused|warm,,True,1,✅ positive example,,,,
TRB_C_0025,2026-02-04,Contrastive Training (TRB Language Rules),Internal,TRB / SYNCstate language guardrails,You must do this now.,direct,urgency_pressure,True,1,❌ negative example,,,,
TRB_C_0026,2026-02-04,Contrastive Training (TRB Language Rules),Internal,TRB / SYNCstate language guardrails,You can choose what fits right now.,capacity_honoring|reflective|warm,urgency_pressure,True,1,✅ positive example,,,,
TRB_C_0027,2026-02-04,Contrastive Training (TRB Language Rules),Internal,TRB / SYNCstate language guardrails,Your state is a problem to fix.,direct|state_based,fixing_language,True,1,❌ negative example,,,,
TRB_C_0028,2026-02-04,Contrastive Training (TRB Language Rules),Internal,TRB / SYNCstate language guardrails,Your current state is valid information.,reflective|signal_based|state_based|warm,,True,1,✅ positive example,,,,
TRB_C_0029,2026-02-04,Contrastive Training (TRB Language Rules),Internal,TRB / SYNCstate language guardrails,You are disconnected.,direct|state_based,identity_labeling,True,1,❌ negative example,,,,
TRB_C_0030,2026-02-04,Contrastive Training (TRB Language Rules),Internal,TRB / SYNCstate language guardrails,This resembles disconnection — does that fit?,warm|reflective,,True,1,✅ positive example,,,,
TRB_C_0031,2026-02-04,Contrastive Training (TRB Language Rules),Internal,TRB / SYNCstate language guardrails,You are overloaded.,direct|state_based,identity_labeling,True,1,❌ negative example,,,,
TRB_C_0032,2026-02-04,Contrastive Training (TRB Language Rules),Internal,TRB / SYNCstate language guardrails,This resembles overload — does that fit?,warm|reflective,,True,1,✅ positive example,,,,
TRB_C_0033,2026-02-04,Contrastive Training (TRB Language Rules),Internal,TRB / SYNCstate language guardrails,You failed to regulate.,direct|regulation_focused,performance_framing,True,1,❌ negative example,,,,
TRB_C_0034,2026-02-04,Contrastive Training (TRB Language Rules),Internal,TRB / SYNCstate language guardrails,Your system is asking for support.,reflective|regulation_focused|warm,,True,1,✅ positive example,,,,
TRB_C_0035,2026-02-04,Contrastive Training (TRB Language Rules),Internal,TRB / SYNCstate language guardrails,Try harder to focus.,direct,performance_framing,True,1,❌ negative example,,,,
TRB_C_0036,2026-02-04,Contrastive Training (TRB Language Rules),Internal,TRB / SYNCstate language guardrails,Honor your capacity and move gently.,capacity_honoring|reflective|regulation_focused|warm,,True,1,✅ positive example,,,,
TRB_C_0037,2026-02-04,Contrastive Training (TRB Language Rules),Internal,TRB / SYNCstate language guardrails,Don’t ignore this.,direct,performance_framing,True,1,❌ negative example,,,,
TRB_C_0038,2026-02-04,Contrastive Training (TRB Language Rules),Internal,TRB / SYNCstate language guardrails,"If it fits, you can listen to this signal.",reflective|signal_based|warm,,True,1,✅ positive example,,,,
TRB_C_0039,2026-02-04,Contrastive Training (TRB Language Rules),Internal,TRB / SYNCstate language guardrails,We know exactly how you feel.,direct,performance_framing,True,1,❌ negative example,,,,
TRB_C_0040,2026-02-04,Contrastive Training (TRB Language Rules),Internal,TRB / SYNCstate language guardrails,Here are a few possibilities — you choose what fits.,capacity_honoring|reflective|warm,,True,1,✅ positive example,,,,
TRB_C_0041,2026-02-04,Contrastive Training (TRB Language Rules),Internal,TRB / SYNCstate language guardrails,Something went wrong.,direct,performance_framing,True,1,❌ negative example,,,,
TRB_C_0042,2026-02-04,Contrastive Training (TRB Language Rules),Internal,TRB / SYNCstate language guardrails,Let’s pause and reset together.,reflective|regulation_focused|warm,,True,1,✅ positive example,,,,
TRB_C_0043,2026-02-04,Contrastive Training (TRB Language Rules),Internal,TRB / SYNCstate language guardrails,Error: invalid input.,direct|signal_based,performance_framing,True,1,❌ negative example,,,,
TRB_C_0044,2026-02-04,Contrastive Training (TRB Language Rules),Internal,TRB / SYNCstate language guardrails,"Let’s slow down and try again, at your pace.",capacity_honoring|reflective|warm,,True,1,✅ positive example,,,,
TRB_C_0045,2026-02-04,Contrastive Training (TRB Language Rules),Internal,TRB / SYNCstate language guardrails,We couldn’t process that.,direct,performance_framing,True,1,❌ negative example,,,,
TRB_C_0046,2026-02-04,Contrastive Training (TRB Language Rules),Internal,TRB / SYNCstate language guardrails,That didn’t land — want to try a different way?,warm|reflective,,True,1,✅ positive example,,,,
TRB_C_0047,2026-02-04,Contrastive Training (TRB Language Rules),Internal,TRB / SYNCstate language guardrails,System failure.,direct,shame_framing,True,1,❌ negative example,,,,
TRB_C_0048,2026-02-04,Contrastive Training (TRB Language Rules),Internal,TRB / SYNCstate language guardrails,We’ll pause here and support a reset.,reflective|regulation_focused|warm,,True,1,✅ positive example,,,,
TRB_C_0049,2026-02-04,Contrastive Training (TRB Language Rules),Internal,TRB / SYNCstate language guardrails,Improve your discipline.,direct,performance_framing,True,1,❌ negative example,,,,
TRB_C_0050,2026-02-04,Contrastive Training (TRB Language Rules),Internal,TRB / SYNCstate language guardrails,Practice consistency with care.,warm|reflective,,True,1,✅ positive example,,,,
TRB_C_0051,2026-02-04,Contrastive Training (TRB Language Rules),Internal,TRB / SYNCstate language guardrails,Control your emotions.,direct,performance_framing,True,1,❌ negative example,,,,
TRB_C_0052,2026-02-04,Contrastive Training (TRB Language Rules),Internal,TRB / SYNCstate language guardrails,Support regulation with care.,reflective|regulation_focused|warm,,True,1,✅ positive example,,,,
TRB_C_0053,2026-02-04,Contrastive Training (TRB Language Rules),Internal,TRB / SYNCstate language guardrails,Fix what’s broken.,direct,fixing_language,True,1,❌ negative example,,,,
TRB_C_0054,2026-02-04,Contrastive Training (TRB Language Rules),Internal,TRB / SYNCstate language guardrails,Listen and respond to what’s present.,warm|reflective,,True,1,✅ positive example,,,,
TRB_C_0055,2026-02-04,Contrastive Training (TRB Language Rules),Internal,TRB / SYNCstate language guardrails,Push through the discomfort.,direct,performance_framing,True,1,❌ negative example,,,,
TRB_C_0056,2026-02-04,Contrastive Training (TRB Language Rules),Internal,TRB / SYNCstate language guardrails,Allow gentle support for this moment.,reflective|regulation_focused|warm,,True,1,✅ positive example,,,,
TRB_C_0057,2026-02-04,Contrastive Training (TRB Language Rules),Internal,TRB / SYNCstate language guardrails,Hustle to keep up.,direct,hustle_language,True,1,❌ negative example,,,,
TRB_C_0058,2026-02-04,Contrastive Training (TRB Language Rules),Internal,TRB / SYNCstate language guardrails,Honor your capacity and pace.,capacity_honoring|reflective|warm,,True,1,✅ positive example,,,,
TRB_C_0059,2026-02-04,Contrastive Training (TRB Language Rules),Internal,TRB / SYNCstate language guardrails,Optimize your nervous system.,direct,hustle_language,True,1,❌ negative example,,,,
TRB_C_0060,2026-02-04,Contrastive Training (TRB Language Rules),Internal,TRB / SYNCstate language guardrails,Support regulation without force.,reflective|regulation_focused|warm,,True,1,✅ positive example,,,,
TRB_C_0061,2026-02-04,Contrastive Training (TRB Language Rules),Internal,TRB / SYNCstate language guardrails,Hack your mindset.,direct,hustle_language,True,1,❌ negative example,,,,
TRB_C_0062,2026-02-04,Contrastive Training (TRB Language Rules),Internal,TRB / SYNCstate language guardrails,Notice what your system is signaling.,warm|reflective,,True,1,✅ positive example,,,,
TRB_C_0063,2026-02-04,Contrastive Training (TRB Language Rules),Internal,TRB / SYNCstate language guardrails,Crush your goals.,direct,performance_framing,True,1,❌ negative example,,,,
TRB_C_0064,2026-02-04,Contrastive Training (TRB Language Rules),Internal,TRB / SYNCstate language guardrails,Move toward what’s possible today.,capacity_honoring|reflective|warm,,True,1,✅ positive example,,,,
TRB_C_0065,2026-02-04,Contrastive Training (TRB Language Rules),Internal,TRB / SYNCstate language guardrails,Be more productive.,direct,performance_framing,True,1,❌ negative example,,,,
TRB_C_0066,2026-02-04,Contrastive Training (TRB Language Rules),Internal,TRB / SYNCstate language guardrails,Support sustainable output.,reflective|regulation_focused|warm,performance_framing,True,1,✅ positive example,,,,
TRB_C_0067,2026-02-04,Contrastive Training (TRB Language Rules),Internal,TRB / SYNCstate language guardrails,Perform at your best.,direct,performance_framing,True,1,❌ negative example,,,,
TRB_C_0068,2026-02-04,Contrastive Training (TRB Language Rules),Internal,TRB / SYNCstate language guardrails,Support presence and steadiness.,reflective|regulation_focused|warm,,True,1,✅ positive example,,,,
TRB_C_0069,2026-02-04,Contrastive Training (TRB Language Rules),Internal,TRB / SYNCstate language guardrails,What’s wrong with you? Fix yourself.,direct,fixing_language|hustle_language|shame_framing,True,1,❌ negative example,,,,
TRB_C_0070,2026-02-04,Contrastive Training (TRB Language Rules),Internal,TRB / SYNCstate language guardrails,Nothing is wrong with you. Let’s listen to your signals.,reflective|signal_based|warm,,True,1,✅ positive example,,,,
TRB_C_0071,2026-02-04,Contrastive Training (TRB Language Rules),Internal,TRB / SYNCstate language guardrails,Stop being lazy. Push through.,direct,performance_framing|shame_framing,True,1,❌ negative example,,,,
TRB_C_0072,2026-02-04,Contrastive Training (TRB Language Rules),Internal,TRB / SYNCstate language guardrails,Meet your capacity today. Move gently.,capacity_honoring|reflective|regulation_focused|warm,,True,1,✅ positive example,,,,
TRB_C_0073,2026-02-04,Contrastive Training (TRB Language Rules),Internal,TRB / SYNCstate language guardrails,"If you don’t do this now, you’ll fail.",direct,urgency_pressure,True,1,❌ negative example,,,,
TRB_C_0074,2026-02-04,Contrastive Training (TRB Language Rules),Internal,TRB / SYNCstate language guardrails,You can choose a next step when it fits.,warm|reflective,,True,1,✅ positive example,,,,
TRB_C_0075,2026-02-04,Contrastive Training (TRB Language Rules),Internal,TRB / SYNCstate language guardrails,You’re overreacting. Calm down.,direct,fixing_language,True,1,❌ negative example,,,,
TRB_C_0076,2026-02-04,Contrastive Training (TRB Language Rules),Internal,TRB / SYNCstate language guardrails,This feels like a strong signal — support regulation at your pace.,capacity_honoring|reflective|regulation_focused|signal_based|warm,,True,1,✅ positive example,,,,
TRB_C_0077,2026-02-04,Contrastive Training (TRB Language Rules),Internal,TRB / SYNCstate language guardrails,You must get it together.,direct,urgency_pressure,True,1,❌ negative example,,,,
TRB_C_0078,2026-02-04,Contrastive Training (TRB Language Rules),Internal,TRB / SYNCstate language guardrails,"If it helps, we can pause and reset together.",reflective|regulation_focused|warm,,True,1,✅ positive example,,,,
